Tool,UID,Activity ID,Activity Name,Level 0 Theme,Level 1 Theme,Level 2 Theme,Level 3 Theme
Connect,-M1WgGWcOk22p63fohFK,1283,1984,Novel by George Orwell,Literary Analysis,Literature,Culture
Connect,-M3MjkFum8ZzMlUFFb0B,1237,-ed/-en Participial Phrases 1 (Starter),Various Edible Plants,Plants,The Earth & Nature,Science
Connect,-M25LIwLjwcrOCg9Teym,1224,-ing and -ed Participial Phrases 2 (Starter),Making Pasta,Food,Hobbies,Culture
Connect,-KS7qtyRRore9kMLAuU2,443,-ing Participial Phrases at the Beginning 1,Various Animals,None,Animals,Science
Connect,-M3Cs2bSfKoVNhDDLMNm,1236,-ing Participial Phrases in the Middle 2,King Kalakaua,Hawaiian History,U.S. Historical Figures,History
Connect,-M03YCpAMJn8IxSPZKPa,1222,"""An Occurrence at Owl Creek Bridge""",Short Story by Ambrose Bierce,Literary Analysis,Literature,Culture
Connect,-M1WgDhT2QMzj_vnImab,1284,"""The Fight""",Narrative Poem by John Montague,Literary Analysis,Literature,Culture
Connect,-M-H0DCwYDcD3OsfuXWY,1195,"""The First Day""",Short Story by Edward P. Jones,Literary Analysis,Literature,Culture
Connect,39da04f2-eae9-456d-a255-a36bf0f565d0,1272,"“Drowning in Dishes, but Finding a Home”",Personal Esssay by Danial Adkison,Literary Analysis,Literature,Culture
Connect,ab9f51d3-ccf4-49fc-b621-b30721f5583b,1278,“Teenagers have Stopped Getting Summer Jobs—Why?”,Article by Derek Thompson,Literary Analysis,Literature,Culture
Connect,b03713db-bced-4890-81e8-6414a0dcf46e,1275,“The Decline of the American Teenager’s Summer Job”,Article by Lexington,Literary Analysis,Literature,Culture
Connect,-LvGsoTdi-HFa4r9eNgK,1095,“The Red Fox Fur Coat”,Short Story by Teolinda Gersão,Literary Analysis,Literature,Culture
Connect,2e04ef36-ceea-4544-b7c7-751f89fc2b34,1282,“What to Do with Kids This Summer? Put ‘Em to Work”,Article by Ben Sasse,Literary Analysis,Literature,Culture
Proofreader,R4LLUDAwWtIrqSWZc1BnTw,13,A Little Stranger on the Road,A Stranger on the Road,Narratives,Stories & Myths,Culture
Connect,-L5AkM2UkdLULttcvWg-,711,"A, An, The",The Redwood Forest,Biomes,The Earth & Nature,Science
Connect,-L4gZDlvR333VxcXMYnH,717,Adverbs and Cumulative Adjectives 1,Fishing,Outdoor Recreation,Hobbies,Culture
Connect,-LPC3U1f1SPbXB3vZqMr,858,"After, Before 1 (Starter)",Gardening,Outdoor Recreation,Hobbies,Culture
Proofreader,-KKz8iHJe2PDReO2xzJp,374,Albuquerque Balloon Fiesta,Albuquerque Balloon Fiesta,None,"Countries, Cultures, & Holidays",Culture
Proofreader,rbGb9GdtzwzLSR14WKFzSg,89,Alexander and the Pirate Diomedes,Myth of Alexander & the Pirate Diomedes,Greek Mythology,Stories & Myths,Culture
Connect,bc61293f-b376-437c-bc48-e6b98d4b0d81,1279,All the Light We Cannot See,Novel by Anthony Doerr,Literary Analysis,Literature,Culture
Connect,-M1SJ7fOqixXRYXHFWz1,1221,"Although, Even though, Though, and While at the Beginning 2 (Starter)",Maine Coon Cats,Mammals,Animals,Science
Connect,-LVKZ-wkGQzVAkG3LLGe,898,"Although, Since, When (Intermediate)",Various Animals,None,Animals,Science
Connect,-KQX0HF6yFtrsbicleno,419,"Although, Though, Even though, and While at the Beginning 1 (Starter)",Sea Turtles,Ocean Animals,Animals,Science
Proofreader,lUCWYQdMOO0V6vLH38xqWA,15,America Used to be a Different Place,Susan B. Anthony,Civil Rights,U.S. History,History
Connect,-LWWzDmU-RLJmEXCj8Mk,890,Ancient Greece,Ancient Greece,Ancient Greece,World History,History
Connect,-KTAQiTDo_9gAnk3aBG5,424,And (Starter),Deserts,Biomes,The Earth & Nature,Science
Connect,-LVKWAApZXBPkThVPINH,897,"And, Because, Or (Intermediate)",Various Animals,None,Animals,Science
Connect,-LVK_343Z01EaG31KibC,899,"And, But, So (Intermediate)",Various Animals,None,Animals,Science
Connect,-LEVfFus1UXfr2vkD6aU,780,"And, Or 1 (Intermediate)",Jackie Robinson,Baseball,Sports,Culture
Connect,-KS7Gy-PFD6Hs5Kwc5ZC,426,"And, Or 1 (Starter)",Athletes & the Olympics,Competitions,Sports,Culture
Connect,-M0y8xGJY6ReydyJHdno,1217,"And, Or 2 (Intermediate)",Primaries & Caucuses,Government & Politics,U.S. History,History
Connect,-KS7IiLgMZkR0iIZfWfX,427,"And, Or 2 (Starter)",Penguins,Birds,Animals,Science
Connect,-KXHxOiPXAMZmQOGGer9,430,"And, Or, But, So 1 (Intermediate)",Bats,Mammals,Animals,Science
Connect,-LDN2q7QEA6HtQQZCVy8,776,"And, Or, But, So 2 (Intermediate)",The Tundra,Biomes,The Earth & Nature,Science
Connect,-LNLXrsydOGLQmCk4qvM,838,"And, Or, But, So 3 (Intermediate)",Polar Bears,Arctic Animals,Animals,Science
Connect,-LTSvcQNpViDt0iKKJaq,879,"And, Or, But, So 4 (Intermediate)",Dolphins,Ocean Animals,Animals,Science
Connect,-KzV2NTW2PHFuQ45Lfbl,611,Annie Dodge Wauneka: Native American Politician,Annie Dodge Wauneka,Native Americans,U.S. Historical Figures,History
Proofreader,h3sGPjz1IkIgl3ODIozsUg,51,Anything You Can Do I Can Do Better!,Playing Sports,Narratives,Stories & Myths,Culture
Proofreader,TDxSUNhO0e8mQkQO8w_wow,7,Apples,Buying Apples,Narratives,Stories & Myths,Culture
Connect,-M0xZkfK9RcJjbUansHU,1213,Appositives at the Beginning 2,Chinese Cities & Culture,Chinese Culture,"Countries, Cultures, & Holidays",Culture
Connect,-M0x_9WcmO3UHGjrwiMu,1214,"Appositives at the Beginning, Middle, and End 2",Brazil,Countries,"Countries, Cultures, & Holidays",Culture
Connect,-M0xZLUxfgCzmUt8gi9P,1212,Appositives at the End 2,Various Countries & Cultures,None,"Countries, Cultures, & Holidays",Culture
Connect,-M0xYocjltuFHycVV7ZS,1211,Appositives in the Middle 3,Various Musical Instruments,Instruments,Music,Culture
Connect,-M1C1Ymxrk8jAYX6AB_2,1220,Appositives in the Middle 4,Colombia,Countries,"Countries, Cultures, & Holidays",Culture
Connect,-LiEPvTdqZfQODIFOqdn,994,"Appositives, Relative Clauses, and Participial Phrases 1",Female Astronauts of Color,Space Exploration,U.S. History,History
Connect,-LiOXiT701VuGvIjyEHj,999,"Appositives, Relative Clauses, and Participial Phrases 2",Discovery of DNA,Biology,Human Biology & Psychology,Science
Connect,-KQX18KQAX6NHIuSOQiM,420,"As long as, If, Unless 1 (Starter)",Skiing,Winter Sports,Sports,Culture
Connect,-LHj9Bm8Fn_0UjV4EGkK,792,"As long as, If, Unless 2 (Starter)",Global Warming & Pollution,Environmental Protection,The Earth & Nature,Science
Connect,-Ld4CZN8-Q9RPO4xOiqq,990,"As soon as, Until 1 (Starter)",Honeybees,Insects,Animals,Science
Connect,-KqZUaz7rINZ8fNssJ6r,613,Asteroids,Asteroids,Astronomy,Outer Space,Science
Proofreader,-K2nLvC9CX2xqw7jnpZP,251,Audrey Hepburn,Audrey Hepburn,Movies & Television,World Historical Figures,History
Proofreader,1xsnNcwKva_viIzpgNuJ-Q,91,Aumakua,Ancient Hawaiian Gods,Hawaiian Mythology,"Countries, Cultures, & Holidays",Culture
Proofreader,FY9FiEjHFO5mFD-rx-rayg,63,Baking a Cake,Baking a Cake,Food,Hobbies,Culture
Proofreader,-KKibxjTtRIWCVZlHIUk,369,Basquiat,Jean-Michel Basquiat,Art,U.S. Historical Figures,History
Proofreader,-KMye5k0nXi-AkOzW9IS,387,Bob Dylan,Bob Dylan,Musicians,Music,Culture
Proofreader,xXQ7W1o7cYrycfZBJHyANQ,19,Brer Rabbit & the Briar Patch,Brer Rabbit,Moral Stories,Stories & Myths,Culture
Connect,-KS7QDRfWsPhAZF27hfL,429,"But, So (Intermediate)",Tornadoes,Natural Disasters,The Earth & Nature,Science
Connect,-KS7Morubx0PZ7ToGtXH,428,"But, So 1 (Starter)",Pandas,Mammals,Animals,Science
Connect,-LELvuHFRAnyMjF2c1Eu,779,"But, So 2 (Intermediate)",Frida Kahlo,Art,World Historical Figures,History
Connect,-LnrxNJlx0aU5Y74cs-S,1051,"But, So 2 (Starter)",Blue Whales,Ocean Animals,Animals,Science
Connect,-M-RRexc-rgBdvMokDu9,1219,"But, So 3 (Intermediate)",Coqui Frogs,Rainforest Animals,Animals,Science
Connect,-LzcXLNeNLwqdUbr3T-d,1196,"But, So 3 (Starter)",Pele the Hawaiian Goddess,Hawaiian Mythology,Stories & Myths,Culture
Proofreader,-Kqipm5LV2GUkQYGQ8Lh,538,Cactus Photosynthesis,Cactus Photosynthesis,Plants,The Earth & Nature,Science
Proofreader,-Km8982FQ1idu1F_4q6Z,492,Central Park,The History of Central Park,None,U.S. History,History
Proofreader,-K2u8uVj3hhJDJbvub6d,254,Chinese New Year,Chinese New Year,Holidays,"Countries, Cultures, & Holidays",Culture
Proofreader,-KKKmU9XuY5zFbdrHZqH,362,Chinese Porcelain Ceramics,Chinese Porcelain Ceramics,Art,World History,History
Proofreader,-KMyZAkmUlbSpFegTj8-,378,Circumnavigating the Globe,Magellan,The Age of Exploration,World History,History
Proofreader,-KqixRPyWpTzXtBmZtmm,540,Colonial Life in the American Revolution,Colonial Life,The American Revolution,U.S. History,History
Connect,-L2WgFUJlfejW4Ezc3x1,653,Complex Sentences Review,A Volcano Science Experiment,Narratives,Stories & Myths,Culture
Connect,-KS7eEAiCRClVOWBCjr0,435,Compound Objects 1,Outer Space Facts,Astronomy,Outer Space,Science
Connect,-LlI3LJPHuvlBtBHa6lp,1004,Compound Objects 2,Fossils,Geology,The Earth & Nature,Science
Connect,-KS7fEC2YOG1zwyMvl7M,436,Compound Predicates 1,None,Ancient Egypt,World History,History
Connect,-LkUY2YEH-YrBD_7rwOx,1000,Compound Predicates 2,"Lizards, Geckos, & Chameleons",Reptiles,Animals,Science
Connect,-LQF0hguJmnfwsk6eXzQ,862,Compound Sentences Review,Archaeologists ,Geology,The Earth & Nature,Science
Connect,-KS7cpeXa94Ev9HHWoLQ,434,Compound Subjects 1,"Rivers, Deserts, & Animals",Biomes,The Earth & Nature,Science
Connect,-LkZQMCD5xF40OudDZxc,1003,Compound Subjects 2,Renewable & Fossil Fuels,Environmental Protection,The Earth & Nature,Science
Connect,-KS7hcS22a5sVy5tuLyc,437,"Compound Subjects, Objects, and Predicates 1",Superheroes,None,Stories & Myths,Culture
Connect,-LNLX8XiOFL5fubpnL4n,837,"Compound Subjects, Objects, and Predicates 2",The Moon,Astronomy,Outer Space,Science
Connect,-Ll8ZxRhVQgaeyy9H8K2,1005,"Compound Subjects, Objects, and Predicates 3",The Great Wall of China,Architecture,"Countries, Cultures, & Holidays",Culture
Connect,-Lio40_H3wSaN21sp5--,1001,Compound-Complex Sentences (Intermediate),The 1980 Olympic Hockey Game,Winter Sports,Sports,Culture
Connect,-LQZmDz4_sKSrN00L5c1,869,Compound-Complex Sentences 2 (Starter),Invention of Cars,Inventions,World History,History
Proofreader,-KMyh3LulfVL0_KuPb8u,391,Coney Island,Coney Island,None,"Countries, Cultures, & Holidays",Culture
Connect,-LaGaRuU_ngMmAVw_181,985,Conjunctive Adverbs 1,Various Musical Instruments,Instruments,Music,Culture
Connect,-LaGcXeHzOAQAY8wsJEt,986,Conjunctive Adverbs 2,Various Musicians,Musicians,Music,Culture
Connect,-LaGd43gOf9d2abOGLBq,987,Conjunctive Adverbs 3,Various Musical Instruments,Instruments,Music,Culture
Connect,089fe5b8-6d0d-4f00-baa9-e8de890a0d24,1276,Conjunctive Adverbs 4,"Mountains, Countries, & Oceans",None,The Earth & Nature,Science
Connect,5ecd61a8-fd72-4b3d-88d4-0317994c7e99,1419,Conjunctive Adverbs 5,The Titanic,None,U.S. History,History
Connect,-LiENAtTTp-Zs9gem0VF,993,Conjunctive Adverbs Review 3 (Intermediate),1920s Pop Culture,The 1920s,U.S. History,History
Proofreader,-KFBCo9nyf9xV5JumTzL,311,Conquistadores and the Aztec,Conquistadores & the Aztec,The Age of Exploration,World History,History
Proofreader,-KFBCxnLgoU2kDvFYXIm,312,Conquistadores and the Inca,Conquistadores & the Inca,The Age of Exploration,World History,History
Connect,-LNr_skbr1dzork539o9,851,"Consequently, As a result (Starter)",Pollution,Environmental Protection,The Earth & Nature,Science
Connect,-LNqmoxU-SrpA8BLhomO,847,Coordinate Adjectives,Hiking,Outdoor Recreation,Hobbies,Culture
Connect,d135d52d-9498-4cca-bfb5-dffda0e16fc6,1418,Coordinate Adjectives 2,Sharks,Ocean Animals,Animals,Science
Proofreader,Mk-LFEA-q5_1Bn7gbkAJeQ,85,Deucalion and the Flood,Deucalion and the Flood,Greek Mythology,Stories & Myths,Culture
Proofreader,-L-reLsVvpIQ2JOjdu8j,624,Dia de los Muertos,Day of the Dead,Holidays,"Countries, Cultures, & Holidays",Culture
Proofreader,-KWZzB7GsYzP1OocnuKO,462,Diwali,Diwali,Holidays,"Countries, Cultures, & Holidays",Culture
Proofreader,-K14Wse4zvcWIdhfzCHt,245,Dylan's Halloween Adventure,Halloween,Holidays,"Countries, Cultures, & Holidays",Culture
Proofreader,-KA1Qk2dgqYrp6-KrYan,262,Dylan’s Field Trip to Mount Rushmore,A Field Trip,Narratives,Stories & Myths,Culture
Connect,-LXt_ABtU8XNy8V94IoC,983,Dyslexia,Dyslexia,None,Human Biology & Psychology,Science
Connect,-KqZFTXwQ5MCZMH9-bUN,615,Eclipses,Eclipses,Astronomy,Outer Space,Science
Proofreader,-K2sjsd5Ni4z3ikgtL7D,252,Eleanor Roosevelt,Eleanor Roosevelt,Political Figures,U.S. Historical Figures,History
Proofreader,-KKjn-RcJOcQDmxPxfGM,371,Facebook,Facebook,None,Hobbies,Culture
Proofreader,-LTZXRAAM0rQND0MQJNw,881,Figure Skating,Figure Skating,Winter Sports,Sports,Culture
Connect,-KqYgUp3xAAJYxZtX2yr,622,Fold Mountains,Fold Mountains,Geology,The Earth & Nature,Science
Proofreader,-KqdKIZmtEyLE5TTfmwp,532,Fossils,Fossils,Geology,The Earth & Nature,Science
Proofreader,-KKPbSxzBRMXkEmiU.S.Sw,364,Frida Kahlo,Frida Kahlo,Art,World Historical Figures,History
Proofreader,-KqYXnbNX5-yKYBF0MHF,530,Fruit or Vegetable?,Fruits & Vegetables,Plants,The Earth & Nature,Science
Proofreader,-KoJ1PFy2DNaRhEtlWex,499,George Washington,George Washington,The American Revolution,U.S. Historical Figures,History
Proofreader,-L5B-RcuHUkAgUXfyF5F,657,Glacier National Park,Glacier National Park,National Parks,The Earth & Nature,Science
Proofreader,-KMyahas1qXkRNa7Ovtn,382,Global Warming,Global Warming,Environmental Protection,The Earth & Nature,Science
Proofreader,-KqYKnytOMErPTLZAgUl,525,Godasiyo the Woman Chief,Myth of Godasiyo,Native Americans,Stories & Myths,Culture
Connect,-L5Ag5RrmtBSRh6TB9Q6,712,Grand Teton National Park: Prepositional Phrases,Grand Teton National Park,National Parks,The Earth & Nature,Science
Proofreader,-L5B16RnaHgSSKmq1GuC,658,Great Smoky Mountains National Park,Great Smoky Mountains National Park,National Parks,The Earth & Nature,Science
Proofreader,I4XOGaQHoqh_wkAkt9UBtA,61,Group Project,A Group Project,Narratives,Stories & Myths,Culture
Connect,-KqZR__u2hpJ2z8cIch-,614,Ham and Alan Shepard,Ham & Alan Shepard,Space Exploration,U.S. Historical Figures,History
Proofreader,-KOQK7H6eswW95mjtm3i,406,Harlem Renaissance,Harlem Renaissance,The 1920s,U.S. History,History
Proofreader,-KKPw1sOlqUaIvWjgIIZ,367,Here Be Dragons,Mapmakers,None,Hobbies,Culture
Connect,-KqcjgL00W0ro-Wr4Bts,627,Hernan Cortes,Hernan Cortes & the Aztec Empire,"Maya, Aztec, & Inca Civilizations",World Historical Figures,History
Connect,-KhO2hv2Wl8rVCHp1B1G,860,Hernando de Soto,Hernando de Soto,The Age of Exploration,U.S. Historical Figures,History
Proofreader,R0lNOPPAyQw65jzcgQuSng,75,Hiking in Maine,Hiking,Outdoor Recreation,Hobbies,Culture
Proofreader,-KMybyBJPMrXxZzOOg1A,384,Hip Hop in New York,The History of Hip Hop Music,Music History,Music,Culture
Proofreader,-KKUD2DDtAzo0fNWwdX8,368,Hope Powell,Hope Powell,Soccer,Sports,Culture
Proofreader,-K2Dr6zVG_1ltx0WZccG,248,Horatius Cocles at the Bridge,Horatius Cocles,Roman Empire,World History,History
Proofreader,PSzGi203g_W-HrdqDbE6hg,79,How was the World Made?,The African God Bumba,Creation Myths,Stories & Myths,Culture
Connect,3b530644-54ff-4944-86b5-f0b667271f21,1286,However and Therefore at the Beginning of a Sentence (Intermediate),Antarctica,Biomes,The Earth & Nature,Science
Connect,-L8sBL_088oejlo9RFip,755,However at the Beginning of a Sentence,Recycling,Environmental Protection,The Earth & Nature,Science
Connect,-KqilM2xWovC-Hudmvjn,617,Hui Zong's Defeat,Hui Zong's Defeat,Chinese Dynasties,World Historical Figures,History
Connect,-KqZldiOXNWbJNFvIRY-,642,Humanism,Humanism,The Renaissance,World History,History
Connect,-KqYd2Nk25H2e3fdkwcs,623,Hydrothermal Vents,Hydrothermal Vents,Geology,The Earth & Nature,Science
Proofreader,G-yFYFxq1nmrb95fLDhQbw,23,Icarus's Flight,Icarus's Flight,Greek Mythology,Stories & Myths,Culture
Proofreader,-KKJZi6fgKcDqIXsvs9c,360,Immune System,Immune System,Biology,Human Biology & Psychology,Science
Connect,f44665c4-fbf0-43be-a72d-90944f124cf6,1415,Impossible Colors,Colors,Biology,Human Biology & Psychology,Science
Proofreader,-KAGonOEqIjMjYeqcNKB,268,Inauguration Day,The History of Inauguration Day,Holidays,"Countries, Cultures, & Holidays",Culture
Connect,-LAo-erEroO6r6XV1tAV,756,International Space Station,The International Space Station,Space Exploration,Outer Space,Science
Proofreader,-KqdMzxI9fqItxVh_Vgy,533,Isabella I of Castile,Isabella I of Castile,The Renaissance,World Historical Figures,History
Connect,-KqZh2mwDeSPLCxp2UAT,586,Ishi,Ishi & the Yahi People,Native Americans,U.S. Historical Figures,History
Proofreader,70u4gEpj8eg6T4re0PzHbw,77,It's All Happening at the Zoo,Visiting the Zoo,Narratives,Stories & Myths,Culture
Proofreader,XlObkXwe9o8PV9bllW5I0w,47,Jade Meets a Moose,Seeing a Moose,Narratives,Stories & Myths,Culture
Proofreader,-KOGQl7iqhU.S.m34He1lU,398,James Joyce,James Joyce,Literary Figures,Literature,Culture
Connect,-KqcJOzHDYUrioJ6fPlR,606,Jamestown,Jamestown Settlement,The Age of Exploration,U.S. History,History
Proofreader,hWzAjPQdyb9stlTylE2pGA,53,Janet Sends a Letter,Sending a Letter,Narratives,Stories & Myths,Culture
Connect,-LOKZXZkDkAJ2jlTqhpT,854,Joining Words and Describing Words 2,Coral Reefs,Environmental Protection,The Earth & Nature,Science
Proofreader,stdr1SNILF-I99NwzzfnRA,233,"Kenova, West Virginia","Kenova, West Virginia",None,"Countries, Cultures, & Holidays",Culture
Connect,-M03YpZB2gHlSsxS542O,1223,Lamb to the Slaughter,Short Story by Roald Dahl,Literary Analysis,Literature,Culture
Proofreader,-KKj5zupZ-eQy0rQPwTR,370,Les Paul,Electric Guitars,Instruments,Music,Culture
Proofreader,-K3M_VGb_47BD7OWGRPC,260,Lewis and Clark,Lewis & Clark,None,U.S. Historical Figures,History
Proofreader,-KOQJeFsPBs3qoxAL8Vk,405,Lewis Carroll,Lewis Carroll,Literary Figures,Literature,Culture
Connect,39239b1f-7caa-4703-b9ca-d90778eb4872,1277,Lottery,Personal Essay by  Rasma Haidri,Literary Analysis,Literature,Culture
Proofreader,-KMyaElkJgyS4zKwP843,381,Lyndon Johnson,Lyndon Johnson,Political Figures,U.S. Historical Figures,History
Proofreader,-KWZuiGZGZe2h2kKxv__,457,Macy's Thanksgiving Day Parade,Macy's Thanksgiving Day Parade,Holidays,"Countries, Cultures, & Holidays",Culture
Proofreader,-Kr20EDdSpxQm93BJrco,545,Mae Jemison,Mae Jemison,Space Exploration,U.S. Historical Figures,History
Connect,-KqZiV1bnPe48h6gyYss,605,Magellan,Magellan,The Age of Exploration,World Historical Figures,History
Proofreader,-KND_BoHQ7zaj23VRZoc,394,Mahatma Gandhi,Mahatma Gandhi,Civil Rights,World Historical Figures,History
Proofreader,asl2JCt8j1ItiGeYbOJ5tQ,9,Making the Team,Making the Soccer Team,Soccer,Stories & Myths,Culture
Proofreader,-Kr1VzAFLsATQbuRJlHd,542,Man on the Moon,The Moon Landing,Space Exploration,U.S. History,History
Proofreader,-Kr1cS7S74s-RHF28y9H,544,Mars,Mars,Astronomy,Outer Space,Science
Proofreader,-KA6pY-Mzxefmkw_oOuM,264,Martin Luther King Day,Martin Luther King Day,Holidays,"Countries, Cultures, & Holidays",Culture
Proofreader,-Kqdo2aBDw7bJ4YIXynn,535,Maya Calendar,Maya Calendar,"Maya, Aztec, & Inca Civilizations",World History,History
Connect,-KqcdV5JA9uU.S.Y09VvOP,628,Maya Mystery,Maya Civilization,"Maya, Aztec, & Inca Civilizations",World History,History
Proofreader,-KMybFo0mMYpmUwLVg7E,383,Medgar Evers,Medgar Evans,Civil Rights,U.S. History,History
Proofreader,-KOGjQdaFtkNK3JLeEPv,400,Mediterranean Diet,Mediterranean Cuisine,Food,"Countries, Cultures, & Holidays",Culture
Proofreader,-KOGujItwThYl32VwTAO,403,Michelle Obama,Michelle Obama,Political Figures,U.S. Historical Figures,History
Proofreader,-KKKRYBeRmGHmrPWemS1,361,Middle Eastern Cuisine,Middle Eastern Cuisine,Food,"Countries, Cultures, & Holidays",Culture
Proofreader,-KAGf_l1HQG0Epxk-3II,267,National Aviation Day,The History of National Aviation Day,Holidays,"Countries, Cultures, & Holidays",Culture
Proofreader,-KA6pO0vuBBbMSiOn2ja,263,National Dictionary Day,National Dictionary Day,Holidays,"Countries, Cultures, & Holidays",Culture
Proofreader,-KAGFznnBfpnFHy_EOK-,266,National Punctuation Day,National Punctuation Day,Holidays,"Countries, Cultures, & Holidays",Culture
Proofreader,-KqYJAxtdM6HVQi7vHpj,524,Native Americans & Horses,Native Americans & Horses,Native Americans,U.S. History,History
Proofreader,-KqYOlcdRBPIkG6Fe-oc,527,Navajo Code Talkers,Navajo Code Talkers,Native Americans,U.S. History,History
Proofreader,-L05ImLNk7D3d_PEXqV0,626,Navajo Nation,Navajo Nation,Native Americans,U.S. History,History
Proofreader,-KMyciwGOmN586_17odX,386,New York City Ballet,The History of the New York City Ballet,Dance,"Countries, Cultures, & Holidays",Culture
Proofreader,XKNzx_im2sL9VVr4lqPSAg,41,Oedipus and the Sphinx,Oedipus and the Sphinx,Greek Mythology,Stories & Myths,Culture
Proofreader,G01GZWMfEC08Vgx1t-Cc2w,35,One Giant Leap for Mankind,The Moon Landing,Space Exploration,U.S. History,History
Connect,-KS7FXdJSPUpfWmTUBwR,425,Or (Starter),Owls,Birds,Animals,Science
Connect,6b69f10b-8d7b-45df-8558-dc3da0a5f140,1290,Out of My Mind,Novel by Sharon M. Draper,Literary Analysis,Literature,Culture
Connect,-KRiz5JuqrfZ86Ny_C6T,432,Paired Adjectives,Alaska,Biomes,The Earth & Nature,Science
Connect,-LYDhRFFjSGdORZ8xWGD,902,Parallel Structure 1 (Advanced),Amelia Earhart,Aviation,U.S. Historical Figures,History
Connect,-M2ixhkHng5tvLpNao1E,1235,Parallel Structure 2 (Advanced),Hiking the Appalachian Trail,Outdoor Recreation,Hobbies,Culture
Connect,-LlYWL7VmlpOb6G14nul,1037,Parallel Structure 3,Various Ocean Animals,Ocean Animals,Animals,Science
Connect,-LlbJYCCG0j7uOhgB9oS,1048,Parallel Structure 4,A Scientist,Narratives,Stories & Myths,Culture
Connect,-LU7KdCFUsOx9Wxv7tDd,882,Parallel Structure with Joining Words 1,Savannas,Biomes,The Earth & Nature,Science
Connect,-M2JVzqTjUqOsCLIP-Jd,1234,Parallel Structure with Joining Words 2,Simone Biles,Gymnastics,Sports,Culture
Connect,-KqZECh5ZxntzLDB-xQK,635,Parts of Vascular Plants,Vascular Plants,Plants,The Earth & Nature,Science
Proofreader,-KOQKLyKmQO5xiJMA2T4,407,Pasta,Pasta,Food,Hobbies,Culture
Proofreader,-KMzS8-z8cN87Jnhn9i3,393,Paul Newman,Paul Newman,Movies & Television,U.S. Historical Figures,History
Proofreader,-Kqir7E9_3JftVmWhm7z,539,Paul Revere's Ride,Paul Revere,The American Revolution,U.S. History,History
Proofreader,-L6J-jLv8rrun9hMcd3i,723,Peregrine Falcons,Peregrine Falcons,Birds,Animals,Science
Proofreader,-L6J2IRejIZXrpRj0821,724,Pigeons,Pigeons,Birds,Animals,Science
Connect,-KqZIkV8V3_92A2ajc4u,634,Plant Cells and Animal Cells,Plant & Animal Cells,Plants,The Earth & Nature,Science
Connect,-KqZLtzic921c7eDVc1D,633,Plants in the Food Chain,Plants in the Food Chain,Plants,The Earth & Nature,Science
Proofreader,-KqdjKv54k5iifw2FzDk,534,Plants: Bee Gardens,Bee Gardens,Plants,The Earth & Nature,Science
Proofreader,-KqhXp64K1DKX5EtaSYG,536,Plate Tectonics,Plate Tectonics,Geology,The Earth & Nature,Science
Connect,-LOK2A7L9RPwXN5TTgfu,852,Plural and Singular Possessive Nouns,Solving a Mystery,Narratives,Stories & Myths,Culture
Connect,-LNuYq4pXxmchQUUAB8o,848,Plural Possessive Nouns,Zookeepers & Animals,None,Animals,Science
Proofreader,-KOFg0huZI65GzTvtTQG,397,Pluto,Pluto,Astronomy,Outer Space,Science
Connect,-M0Osm0_Q7T2901Icgz8,1199,Pronoun-Antecedent Agreement 1 (Advanced),Koko the Gorilla,Experiments & Studies,Animals,Science
Connect,-M0OtwQibfUT5CGJxQZB,1203,Pronoun-Antecedent Agreement 1 (Intermediate),Stanford Prison Experiment,Experiments & Studies,Human Biology & Psychology,Science
Connect,-M0OtEoLoosX-3fD4CXx,1200,Pronoun-Antecedent Agreement 2 (Advanced),Octopuses & Dolphins,Ocean Animals,Animals,Science
Grammar,-M0OvVfqe1jILlHBApXX,1204,Pronoun-Antecedent Agreement 2 (Intermediate),Pavlov's Dogs,Experiments & Studies,Human Biology & Psychology,Science
Connect,-M0OtTqDLE-wssrsgWG4,1201,Pronoun-Antecedent Agreement 3 (Advanced),Crows,Birds,Animals,Science
Connect,-M0Ou9y0onpSMxbXKheB,1205,Pronoun-Antecedent Agreement 3 (Intermediate),The Marshmallow Test,Experiments & Studies,Human Biology & Psychology,Science
Connect,-M0OtiFho7WR7eKPM8bA,1202,Pronoun-Antecedent Agreement 4 (Advanced),Honeybees,Insects,Animals,Science
Grammar,-M0Ovgrr9uyoA1aLDMLb,1206,Pronoun-Antecedent Agreement 4 (Intermediate),The Violin Experiment,Experiments & Studies,Human Biology & Psychology,Science
Connect,-M0Oujxun7_AktawnbjE,1209,Pronoun-Antecedent Agreement with Either/Or and Neither/Nor 1,Symbiotic Animal Relationships,None,Animals,Science
Connect,-M0Ouy06G9060LMplzRg,1210,Pronoun-Antecedent Agreement with Either/Or and Neither/Nor 2,Symbiotic Animal Relationships,None,Animals,Science
Connect,-M0OuML3rS6kozkZWY4R,1207,Pronoun-Antecedent Agreement with Indefinite Pronouns 1,Synchronized Skating,Winter Sports,Sports,Culture
Connect,-M0OuZ0qZ7Ze86vRskOz,1208,Pronoun-Antecedent Agreement with Indefinite Pronouns 2,Synchronized Swimming,Swimming,Sports,Culture
Connect,-Lisd171yRT_B6qK36bT,1002,Relative Clauses with Modifiers,Nepal,Countries,"Countries, Cultures, & Holidays",Culture
Connect,-KqZpAZ8UMhwZp_3ezqw,640,Renaissance Beginnings in Italy,The Renaissance in Italy,The Renaissance,World History,History
Proofreader,-K2SFpnW1xuDgOPhSdyU,249,Rhode Island,Rhode Island,None,"Countries, Cultures, & Holidays",Culture
Proofreader,-KqUQCCoHDkIggc6BMtU,517,Roanoke,Colony of Roanoke,The Age of Exploration,U.S. History,History
Proofreader,-KqhpFWpVQubJhqWrkFb,537,Rocks,Rocks,Geology,The Earth & Nature,Science
Proofreader,-KKFIkrWr694ZXLQBOZu,358,Romanticism,The History of Romanticism,Romanticism,World History,History
Connect,7712a90e-8dd7-4297-bf26-b9747b2a2f86,1280,Romeo and Juliet,Play by William Shakespeare,Literary Analysis,Literature,Culture
Proofreader,-K2u3cDLc7rTxvFUO1Yc,253,Rosemary’s Diary,Rosemary’s Diary,Narratives,Stories & Myths,Culture
Proofreader,-KoJ9Lrs-pUNFrzjFTz6,503,Sailing with the Stars,Sailing in the Age of Exploration,The Age of Exploration,World History,History
Connect,-Kw1zJ3DU25X8YSuVVJe,599,"Prepositional Phrases: In, At, On, To",None,None,None,None
Grammar,u7uHk9U_4Bfc64knFYPrJA,88,"Than & Then, You're & Your, Lose, Loose",None,None,None,None
Grammar,Vg-8y7ZBMan9rfg_1fp5ng,90,"Thrown & Throne, Meant & Mint",None,None,None,None
Grammar,tBNOYG2ubqVo5d3NbMdYtA,94,"Please & Pleas, Finally & Finely",None,None,None,None
Grammar,eUTXuBfu8EpXOq2pSfBpFg,96,"Greece, Grease; Bear, Bare",None,None,None,None
Grammar,mjNfUsTjjxwcSHfy-Zv1SQ,103,Parallel Structure,None,None,None,None
Grammar,HBWrzOaQzm73sHdRNuKuDw,105,"Either, Or",None,None,None,None
Grammar,DVEQuUXbtM_e69HT6wVw7A,106,"Not Only, But Also",None,None,None,None
Grammar,DVEQuUXbtM_e69HT6wVw7A,106,"Not Only, But Also",None,None,None,None
Grammar,J0L52IXhhtX6Y02MoZi5tw,107,"It's, Its",None,None,None,None
Grammar,TYSjfEShNlQqSWNOnkTxUg,108,"Of, Off",None,None,None,None
Grammar,T7c7UR2l3wkm2yZheLhtMA,109,"Lose, Loose",None,None,None,None
Grammar,KfXZjcff6YVWh1fbRzGr4w,110,"Than, Then",None,None,None,None
Grammar,rwSTz7k4JpTOrCun1PlBuA,111,"Their, They're, There",None,None,None,None
Grammar,rwSTz7k4JpTOrCun1PlBuA,111,"Their, They're, There",None,None,None,None
Grammar,b0XbYfl-ECVFe3KGORmFUQ,112,"To, Too, Two",None,None,None,None
Grammar,-K293EqvyXPYPunqKS2_,113,"You're, Your",None,None,None,None
Grammar,ldc90hxcrRwQNPpYqjmx9g,118,"Whose, Whom, Who",None,None,None,None
Grammar,Hn_2dMSFi7sKtsYdyzgpzw,121,"Which, That",None,None,None,None
Grammar,O9nI_ezZT674x5iAu-lZkw,122,"Where, Why, When",None,None,None,None
Grammar,rkhMz0hsImTienlg_ZkxUg,123,The Progressive Tense,None,None,None,None
Grammar,iYB86ILrC_x4DZwKhqV-mQ,124,Comparative and Superlative Adjectives,None,None,None,None
Grammar,QgAVWhUjmv2zDq0h286_3g,125,"Comparative and Superlative Adjectives Ending in ""Y""",None,None,None,None
Grammar,Rtf8zIMGN2WndgL_n-HYyA,126,"Better & Best, Worse & Worst",None,None,None,None
Grammar,IkjAvx6AlzhcOGGRBGl3VA,127,Capitalizing Words in Titles,None,None,None,None
Grammar,5v62jVAjZvDIdXjMpDMr3g,128,"Built, Broke",None,None,None,None
Grammar,SMPyFxSXOxEIr6Pi6WB4ZQ,129,"Came, Went, Did",None,None,None,None
Grammar,5PZONjaMfhY9ofF9RTEvBg,130,"Wrote, Spoke",None,None,None,None
Grammar,OQ3eV17BY1d4UcbhRKcQZA,131,"Sat, Hid",None,None,None,None
Grammar,Pmp8kDTxMHtqyIpKg847Qg,132,"Knew, Made, Became",None,None,None,None
Grammar,mom0aXTHMa3htgZuHspCzA,133,"Saw, Dug, Found",None,None,None,None
Grammar,562-2iTWwgif3Wc8_snemw,134,"Myself, Yourself",None,None,None,None
Grammar,7reO3f_OIauga8bopw14HA,135,"Ourselves, Itself, Herself",None,None,None,None
Grammar,40F3qnu3khw2ooEw2oZwLQ,136,"At, In, On (Time)",None,None,None,None
Grammar,PjbnqedMVMacwSdW9aI8CQ,137,"At, In, On (Place)",None,None,None,None
Grammar,fcI-wPQC41MqADBJy7-zXw,139,"This, That",None,None,None,None
Grammar,He-CBHrPMzoJoSuMchS70g,141,"These, Those",None,None,None,None
Grammar,rsO9fngkBsTulzL_v5WS8w,142,Change into Proper Passive or Active Sentences,None,None,None,None
Grammar,Btxe2rIa8xvEwzG8iv3hXw,143,Change Sentences from Active to Passive,None,None,None,None
Grammar,Btxe2rIa8xvEwzG8iv3hXw,143,Change Sentences from Active to Passive,None,None,None,None
Grammar,y-lv6h26cGCMM67dQkJTFw,144,Change Sentences from Passive to Active,None,None,None,None
Grammar,y-lv6h26cGCMM67dQkJTFw,144,Change Sentences from Passive to Active,None,None,None,None
Grammar,fypnCOoeIlxSWX0tHEsmkA,145,"Irregular Plural Nouns Ending With ""F,"" ""Fe,"" and ""O""",None,None,None,None
Grammar,QdR3olOK3n2Wz6tMgTKmHQ,146,"Men, Women",None,None,None,None
Grammar,aIIA2sboXi1iMV0RuF1R0Q,147,"Feet, Teeth",None,None,None,None
Grammar,aIIA2sboXi1iMV0RuF1R0Q,147,"Feet, Teeth",None,None,None,None
Grammar,83KWWwB6tOWV7mnw82GHaQ,148,"Children, People",None,None,None,None
Grammar,GTP5gHBgoE9v_OoCqY_nKA,149,"Mice, Goose, Deer",None,None,None,None
Grammar,quYQkbclq0E41N3RZb88pA,150,Subject-Verb Agreement,None,None,None,None
Grammar,Df6UhR841LwhCCllgbxGaQ,151,Common and Proper Nouns,None,None,None,None
Grammar,TEpiDLzhPCokb82RnlButQ,152,Form & Use Possessives 2,None,None,None,None
Grammar,6mWEHhrOORcKWrLmoI3WwA,153,Subject-Verb Agreement with Collective Nouns 2 (Starter),None,None,None,None
Grammar,l2FMdpAa6IHtoqwj-CJd_Q,154,Past Tense Verbs,None,None,None,None
Grammar,-K2U8Dqy9GInZqSnVnvm,155,Future Tense Verbs,None,None,None,None
Grammar,tWwOHnapjOTXqMQOY6p7-g,156,"And, Or",None,None,None,None
Grammar,Pgcl7c_giqeHwWvdgJA3CQ,157,"So, Because",None,None,None,None
Grammar,RCwqGgUB1UFEiY2R1kiJCg,158,Adjectives and Adverbs,None,None,None,None
Grammar,PRhQFX34V5ZB13K-HF0X2A,159,Adjectives to Adverbs —  Consonant Ending,None,None,None,None
Grammar,anXj_QMJm8TU_W9R3yIX0w,160,"Adjectives to Adverbs Ending in ""y"" and ""e""",None,None,None,None
Grammar,Gy6gKsETtSsIafZHLkPxUA,161,"Can't, Won't",None,None,None,None
Grammar,LPU0D5pDWLvj0LwAuXhbPQ,162,"I've, That's, It's",None,None,None,None
Grammar,p9vLW311-ERaw8j4QKAXXA,163,"I'm, You're, Let's",None,None,None,None
Grammar,vNOX7X3rpHU7_KheZdgtzQ,164,"Haven't, Don't",None,None,None,None
Grammar,zw0hEcs5ftlVFBMww-6FRg,165,Use Commas in Addresses,None,None,None,None
Grammar,bDQ1uJkluM52fJKOeNPbfA,166,"Made, Lost, Gone",None,None,None,None
Grammar,C0ERZcH2Wyk1kH9h5QhzfA,167,"Eaten, Been, Regular Past Participles",None,None,None,None
Grammar,Cm5WhrFtbjAkOYOtICaQ8g,168,"However, Still",None,None,None,None
Grammar,zXmrUdqrIiWvDCyqNFqW2A,169,Commas After Introductory Prepositional Phrases,None,None,None,None
Grammar,7-y2e4ackJDUtoq3wMV4Yw,171,Spaces with Punctuation,None,None,None,None
Grammar,8loxjcP_fmux7lrFGonEWA,172,Recognize and Correct Inappropriate Shifts in Verb Voice and Mood,None,None,None,None
Grammar,aQNhjTfGqT1oFEEAmcnLMA,173,Placing Prepositional Phrases,None,None,None,None
Grammar,80MBG8k-lo_zuAUY4Sxd8g,174,Intensive Pronouns,None,None,None,None
Grammar,-pDVJoysqQwbsmrzdxnFzg,175,Subject and Object Pronoun Agreement 2,None,None,None,None
Grammar,z8WSMBEV9uBRodWd_t-RNA,176,"Commas for ""yes"" and ""no,"" tag questions, and addressing people",None,None,None,None
Grammar,u5e9k_QsDNfQZ1zCBdTnxw,177,Colons and Commas in a List,None,None,None,None
Grammar,c8OTV2Y7hrSqf9FNYqedTg,178,Correct Capitalization,None,None,None,None
Grammar,ewWTroOWUOJ0cVADnnaavQ,179,Form and Use Possessives,None,None,None,None
Grammar,lQm65Mm93flT8iqAJFxsnQ,180,Commas and Quotation Marks in Dialogue,None,None,None,None
Grammar,j_FCTgOtYuOPhrn6opBb7A,182,Use Commas for Dates and Lists,None,None,None,None
Grammar,-KCM_ulOmve7D1h4QnsF,271,Regular Past Tense Verbs,None,None,None,None
Grammar,-KCN2NnIW6kkf_2wwXgg,273,"A Lot, All Right",None,None,None,None
Grammar,-KCN32gqMBw3Lxv1rGgw,275,Compound Sentences,None,None,None,None
Grammar,-KCN8FABYrcASdcjZ39x,277,"Nor, Yet",None,None,None,None
Grammar,-KCN8fIa7tNQLQgIo9Vx,278,Comma Before Coordinating Conjunctions,None,None,None,None
Grammar,-KCN9Vnx-ivO8Jf2ZGfH,279,"Regardless, Figuratively",None,None,None,None
Grammar,-KCNAHhRl7us6t72UFXT,280,"Pore Over, Me, Unique",None,None,None,None
Grammar,-KCNAo2XGM2xR6-Sfhdf,281,"Into, Through ",None,None,None,None
Grammar,-KCNB6NOG5TX3h8dCfRw,282,"To, Over, Toward ",None,None,None,None
Grammar,-KCNBxBe-uau1e2SjqVz,283,Irregular Plural Nouns,None,None,None,None
Grammar,-KCNDjmomJC_YxOxVoxL,284,"Swam, Ran, Broke",None,None,None,None
Grammar,-KCNDvcI-J_Zd3ONxmlJ,285,"Ate, Met, Cut",None,None,None,None
Grammar,-KCNEkCKvMQ4XWCjAbdb,286,"Paid, Drove, Became",None,None,None,None
Grammar,-KCNFCpOY8Too15zwHyI,287,"Dug, Drank, Fell",None,None,None,None
Grammar,-KCNFxhzpztKk7g9Os3L,288,"Grew, Gave, Heard",None,None,None,None
Grammar,-KCNGyyEKnZMvetjC0Pe,289,"After, Although, Since",None,None,None,None
Grammar,-KCNHNDkDFGE6-z4c96Z,290,"Before, By The Time, Even Though",None,None,None,None
Grammar,-KCNHR8NB8GFBmLLXcdu,291,"Of, For, With, From",None,None,None,None
Grammar,-KCNHgjz-f3NGYzy29WY,292,"If, In Case, Now That",None,None,None,None
Grammar,-KCNHpVOH8z8Jg0tmqIt,293,"By, As, Like",None,None,None,None
Grammar,-KCNI2CUdo8gl6HSXvfQ,294,"Whenever,  While, Because",None,None,None,None
Grammar,-KCNIKP-Q20bCQCDJJ7E,295,"Once, Since, So That",None,None,None,None
Grammar,-KCNIbJgvONIT8f0j3jp,296,"Unless, Until, When",None,None,None,None
Grammar,-KCNJ4utpuNAoyPiF-c6,297,Subject-Verb Agreement,None,None,None,None
Grammar,-KCNJGE5HBE_YPtt7Hby,298,Pronoun-Antecedent Agreement,None,None,None,None
Grammar,-KCNJGusG7sBrUzK_h2I,299,Parallel Structure,None,None,None,None
Grammar,-KCNJf56CJWyC8cL_vOY,300,"After, During",None,None,None,None
Grammar,-KCNJxT8d9O3FeFZIlvc,301,Expanding Simple Sentences With Adjectives,None,None,None,None
Grammar,-KCNKyKTtx7AzNud109j,302,"Between, Beyond",None,None,None,None
Grammar,-KCNLERe7k5EKlr2sm1b,303,From,None,None,None,None
Grammar,-KCqFPKCesFhSTYM09ED,305,"Even If, Every Time",None,None,None,None
Grammar,-KCqGUp2oTyhBUAIqm3m,306,"The First Time, As Soon As, Than",None,None,None,None
Grammar,-KCqPPmQVO3JjKrteIXl,307,"Took, Spoke",None,None,None,None
Grammar,-KCqRZ-vixmFmotWgJzl,308,"Bought, Flew, Read",None,None,None,None
Connect,-KR_OwdfOU1BvVybObtt,431,Single Adjectives 1,None,None,None,None
Connect,-KRizUHvbl3hLJH6eey3,433,Adjectives in Lists,None,None,None,None
Connect,-KRns-oa6uC1gKsyJiNw,438,Adverbs of Manner 1 (Starter),None,None,None,None
Connect,-KRnsBmBWzVAy8vKN1H4,439,Adverbs of Manner 2 (Starter),None,None,None,None
Connect,-KRnsNQspGTdfFf2-EfW,440,Adverbs of Manner 3 (Starter),None,None,None,None
Connect,-KV5gIzGlNsi-amLXM1m,441,Adverbs of Manner (Intermediate),None,None,None,None
Connect,-KS7lUBBlaAq2W79ciLq,442,Appositives in the Middle 1,None,None,None,None
Connect,-KVfLA0gnKAx8GlAlkIK,448,Appositives in the Middle 2,None,None,None,None
Connect,-KVf4bzQOrDvr4YW-C3L,449,-ing Participial Phrases at the Beginning 2,None,None,None,None
Connect,-KVfZIjz7ejLWeeinH1X,450,-ing Participial Phrases in the Middle,None,None,None,None
Grammar,-KltmGd-lkoenCn3tDKc,488,Past Perfect,None,None,None,None
Grammar,-KmRzsBmTPlA-D3SzZE5,495,"Further, Farther",None,None,None,None
Grammar,-KpG8KHlIyBRJY1Yby03,506,Compound Objects,None,None,None,None
Grammar,-KpGguuur4UqHmOpYkAF,507,Compound Predicates 1,None,None,None,None
Grammar,-KpGikrGrH0iZn9sBqce,508,Adverbs of Manner,None,None,None,None
Grammar,-KpGt_Q4HRs1lg0DXHcu,510,Subordinating Conjunctions in the Middle of a Sentence,None,None,None,None
Grammar,-KpH24DZ2Ss03qqYRsWN,511,Subordinating Conjunctions at the Beginning of a Sentence,None,None,None,None
Grammar,-KpHDtybZMQnEk1sNGdI,512,Future Progressive,None,None,None,None
Grammar,-KpHHCGtc7wUllV3W9qK,513,Prepositions of Time,None,None,None,None
Grammar,-Kr2dFZaGBEy3aO5lnZl,551,Indefinite Pronouns,None,None,None,None
Grammar,-Kr6AA-4vc6ggP32Fhcf,552,Pronouns with Collective Nouns,None,None,None,None
Grammar,-Kr79v3kndXCv9opzopi,553,Compound Subjects and Objects:,None,None,None,None
Grammar,-Kr7AI1sfJFOIownUvfg,554,Pronoun Reference,None,None,None,None
Grammar,-Kr7AgcuxaKMDD0x-gyU,555,Compound Antecedents with Or and Nor,None,None,None,None
Grammar,-Kr7AweYwPJeSqRPfnJV,556,Antecedents with Plural Pronouns,None,None,None,None
Grammar,-Kr7BU5J8ZPD1WqWuqmV,558,Antecedents with Singular Pronouns,None,None,None,None
Connect,-Kvd87aMQU6FQZyMz3E2,591,Who 1 (Starter),None,None,None,None
Connect,-Kvhq6xYWxzKp2AFUnAW,592,That 1 (Starter),None,None,None,None
Connect,-Kvlqk7iavOSB3Fnrmnm,593,Which 1 (Starter),None,None,None,None
Connect,-Kw25fN0OSfS6kU_w7yS,600,Placing Prepositional Phrases,None,None,None,None
Grammar,-KybNc1Xkj1Yz59OoNaA,603,"Could, Would, Should",None,None,None,None
Grammar,-KybO7eiRjMiMYYowjtR,604,"Can, May, Must, Will",None,None,None,None
Connect,-KqcY9ZUJ7gdReZw7C93,629,Tenochtitlan Origin Myth,None,None,None,None
Grammar,-L0R1JR_TZuGM3QT1dHs,631,Present Perfect,None,None,None,None
Grammar,-L0udJg9M0ETmF6k0zJ6,636,Future Perfect,None,None,None,None
Grammar,-L0uj0I4MC3Wp2NaXWoL,637,Past Progressive Perfect,None,None,None,None
Connect,-L0ut-laXV4wLzk90dc7,638,Using The with Proper Nouns 1,None,None,None,None
Connect,-L1sW9oOPAuLTPCWNbTI,639,That and Which (Starter),None,None,None,None
Connect,-L2W1X4bJwGC6GsirB3a,645,"Adjectives, Adverbs, and Prepositional Phrases 2",None,None,None,None
Connect,-L3YcvDLEKaP8F8SjphF,650,Advanced Combining,None,None,None,None
Connect,-L46rUHbf9kccA2F_Vau,692,"Follow-up Activity for Lesson 1: And, Or, But, So",None,None,None,None
Connect,-L471QH1c4Xngw2w-xIK,693,Follow-up Activity for Lesson 1: Single Adjectives,None,None,None,None
Connect,-L47IA_jJGUaywjt6uJT,694,Follow-up Activity for Lesson 2: Single Adjectives Review,None,None,None,None
Connect,-L485jWUnJhvNetV-4H3,695,"Follow-up Activity for Lesson 2: And, Or, But, So Review",None,None,None,None
Connect,-L4C6sf6XZJlSaFOPorr,696,Follow-up Activity for Lesson 1: Appositive Phrases,None,None,None,None
Connect,-L4CTux43as5LOtIVdDZ,697,Follow-up Activity for Lesson 2: Appositive Phrases Review,None,None,None,None
Connect,-L4D2mS9TseHnvYyg06Y,698,Follow-up Activity for Lesson 1: Adverbs,None,None,None,None
Connect,-L4DGUPmBKouQvqwkrMp,699,Follow-up Activity for Lesson 2: Adverbs Review,None,None,None,None
Connect,-L4Hic97ZyAl_QRaGElA,700,Follow-up Activity for Lesson 1: Compound Objects and Predicates,None,None,None,None
Connect,-L4McWjtUWfUD2AGKF14,701,Follow-up Activity for Lesson 2: Compound Subjects,None,None,None,None
Connect,-L4NLSxtR04d5J4nk2eZ,702,Follow-up Activity for Lesson 1: Participial Phrases,None,None,None,None
Connect,-L4NQ3NAInahe2bDYUEC,703,Follow-up Activity for Lesson 2: Participial Phrases Review,None,None,None,None
Connect,-L4aycLMeN7ADyWY2pxl,704,"Follow-up Activity for Lesson 3: Compound Subjects, Objects, and Predicates Review",None,None,None,None
Connect,-L4gpljFZvOadGhwgc1V,705,Follow-up Activity for Lesson 1: Parallel Structure,None,None,None,None
Connect,-L4rZK2YuqbaLq4Eu1Cy,706,"Follow-Up Activity for Lesson 1: Conjunctions of Time (After, Until, Before, etc.)",None,None,None,None
Connect,-L4rZja_F-gdf2aGWXyC,707,"Follow-Up Activity for Lesson 2: Conjunctions of Opposition (Although, etc.)",None,None,None,None
Connect,-L4v8dD06H3R3RlztsPB,708,"Follow-up Activity for Lesson 3: Conjunctions of Cause and Effect (Because, Since)",None,None,None,None
Connect,-L5A2WuMa3ackKKmeQiK,709,Follow-up Activity for Lesson 4: Subordinating Conjunctions Review,None,None,None,None
Connect,-L4g-FHUF_4A9BpVc7Uc,713,Cumulative Adjectives 1 (Starter),None,None,None,None
Connect,-L4g1S_14e8SYcyF-7Ky,714,Cumulative Adjectives 2 (Starter),None,None,None,None
Connect,-L4g3j-cWT-MV2BIq_iQ,715,Cumulative Adjectives 3 (Starter),None,None,None,None
Connect,-L4g54p2oYfDNWT7oiLC,716,Cumulative Adjectives 4 (Starter),None,None,None,None
Connect,-L5zirfq-pPy-6YlwbTL,732,Present Progressive Tense 1 (Intermediate),None,None,None,None
Connect,-L6HeUUARCsuzwTcGaKv,733,Present Progressive Tense 2 (Intermediate),None,None,None,None
Connect,-L6Hj4zVM72mXBWXFuiL,734,Present Progressive Tense 3 (Intermediate),None,None,None,None
Connect,-L6ICQqh9110BvOx7pJS,735,Present Progressive Tense 4 (Intermediate),None,None,None,None
Connect,-L6ISWdNu__c2ZaqGyZQ,736,Present Progressive Tense (Starter),None,None,None,None
Connect,-L6NxywB46cJRo_HvN-0,737,Present Perfect Tense,None,None,None,None
Connect,-L7_y18cQ9mYYOGKjBkx,742,Simple Subject-Verb Agreement 1,None,None,None,None
Connect,-L8-889q--lxlUMRQ7fS,746,Present Perfect Follow-up,None,None,None,None
Proofreader,-L8rjlIDvJmZOG-gZ0T6,748,Alternative Transportation,None,None,None,None
Grammar,-L8sF68GP2soDc0gxwIM,750,"Affect, Effect",None,None,None,None
Connect,-L87wjwBbwUWrPbioSBe,751,Simple Subject-Verb Agreement 2,None,None,None,None
Connect,-L9kxNh-Rg0TdAg4pTs9,752,Parallel Structure 1 (Starter),None,None,None,None
Connect,-L9kgJ-GCd6UCG21kr50,754,Parallel Structure 2 (Starter),None,None,None,None
Connect,-LBMo-QzVvdNPKglNmDI,761,Pronouns in Compound Subjects (Starter),None,None,None,None
Connect,-LBNPyvS13vIqpF5RqG1,762,Pronouns in Compound Objects (Starter),None,None,None,None
Connect,-LBRzb1xwCPFrohj4Zv3,763,Pronouns in Compound Subjects and Objects 1 (Intermediate),None,None,None,None
Connect,-LBSRdcmutsxl0OMK2Nk,764,Pronouns in Compound Subjects and Objects 2 (Intermediate),None,None,None,None
Connect,-LBWRscJd9KC6K5UVL_Z,765,Subject-Verb Agreement with Interrupters (Starter),None,None,None,None
Connect,-LBXTUd_fhzTXnVSQfnj,766,Subject-Verb Agreement with Compound Subjects 1,None,None,None,None
Connect,-LBWhgWXMxihFX-C2TEi,767,Subject-Verb Agreement with Compound Subjects 2,None,None,None,None
Connect,-LBgXZl1hPHrHeZE32JD,768,Subject-Verb Agreement with Collective Nouns (Starter),None,None,None,None
Connect,-LBgjL0C5W9JrVyzyXJ4,769,Subject-Verb Agreement with Collective Nouns (Intermediate),None,None,None,None
Connect,-LC4oP1vZaRkuZkQ0QIu,770,Subject-Verb Agreement with Indefinite Pronouns 1,None,None,None,None
Connect,-LC9mKneRMFOHJabZgWB,771,Subject-Verb Agreement with Indefinite Pronouns 2,None,None,None,None
Connect,-LCZhYVq7iWBms9O8iux,772,Subject-Verb Agreement with Either/Or and Neither/Nor 1 (Starter),None,None,None,None
Connect,-LCd_KzlWZBuh3VTea8Q,773,Subject-Verb Agreement with Either/Or and Neither/Nor 1 (Intermediate),None,None,None,None
Connect,-LCnwom23g5ssi7lr0Kc,774,Subject-Verb Agreement: Subject After the Verb (Starter),None,None,None,None
Connect,-LDDQkrR2YiZ--J7mj73,775,Adjectives and Adverbs (Starter),None,None,None,None
Connect,-LEAVuIlgjCGtJaGnUN2,777,Single Adjectives 2,None,None,None,None
Connect,-LF3-uKK_T1rzuSR0tKB,783,Using The with Proper Nouns 2,None,None,None,None
Connect,-LFxadXfPxrTVP-me_9l,784,Follow-up Activity for Lesson 1: Complex Sentences and Their Uses,None,None,None,None
Connect,-LFxV54KzO-3mN08IgdG,786,Follow-up Activity for Lesson 1: Apostrophes,None,None,None,None
Proofreader,-LHirZizffZrXsDDGfbX,791,Alligators vs. Crocodiles,None,None,None,None
Proofreader,-LIMRPXvph4ObqozP-VI,794,Gift of the Magi,None,None,None,None
Proofreader,-LJK047bpvnWKQJzz4Nx,797,King Midas and the Golden Touch,None,None,None,None
Proofreader,-LJK8IoHAyC7ZnZbkYWP,799,Beach Days,None,None,None,None
Grammar,-LJKkIquxzIw_2BRkT6f,801,Capitalize Holidays and Dates,None,None,None,None
Grammar,-LJKlQcKOLQag12qoZdt,802,Capitalize Geographic Names,None,None,None,None
Grammar,-LJKuRddkq7eF6TO50bs,803,Regular Plural Nouns,None,None,None,None
Grammar,-LJL9mgmovJ5NLcnT4hy,804,Capitalize Names of People,None,None,None,None
Grammar,-LJVM_F1YjIQCS01gEBy,805,"Women, Men, Children, People",None,None,None,None
Grammar,-LJVSiLU1wngeh63fZN2,806,Singular Possessive Nouns,None,None,None,None
Grammar,-LJVfDfTAZ45WfBuusDf,808,Plural versus Possessive Nouns,None,None,None,None
Grammar,-LJVmAZX_uDIOsUnuYCI,809,Possessive Pronouns,None,None,None,None
Grammar,-LJ_9WEl9nznn5xl1LnJ,810,Subject and Object Pronoun Agreement,None,None,None,None
Grammar,-LJ_EPYPwarYKgLJjmRD,811,"Ate, drank, made",None,None,None,None
Grammar,-LJ_F8oKrNwCx6bGWjmz,812,"Went, sent, swam, ran",None,None,None,None
Grammar,-LJ_FYHQdWlMSZBYfd75,813,"Knew, became",None,None,None,None
Grammar,-LJ_FY-kG3fTvhUv61OO,814,"Knew, became",None,None,None,None
Grammar,-LJ_GHcubTDuPOVX2HhP,815,"Broke, Spoke",None,None,None,None
Grammar,-LJ_ONPXzcD69TEicuJx,816,"Bought, fought, thought",None,None,None,None
Grammar,-LJ_S0PIeTQ8xg5I46I6,817,Common Contractions,None,None,None,None
Grammar,-LJpMjwExNqu-S9Imnb3,818,"Was, were",None,None,None,None
Grammar,-LK8SpPCYG4eTLKN0yWr,819,Commas in Dates and Addresses,None,None,None,None
Grammar,-LK8WAut6Un6rQokdE1r,820,Commas with Yes and No,None,None,None,None
Grammar,-LK8WlaBkspSe6rFuljE,821,Commas in Lists,None,None,None,None
Connect,-LKYSr60CeTModqohq4y,822,Follow-Up Activity for Lesson 1: Pronoun Number and Case Errors,None,None,None,None
Connect,-LKYdBBZvBgKg-LjOCu1,823,Follow-Up Activity for Lesson 2: Pronoun-Antecedent Agreement Errors,None,None,None,None
Connect,-LKgpPN2aWe_8tamPemf,826,"Follow-Up Activity for Lesson 1: Colons, Dashes, and Semicolons",None,None,None,None
Connect,-LLpeChR30PiU3b84feE,840,Capitalizing Titles of People,None,None,None,None
Connect,-LLpiaUcPu2jdvHsBLOq,841,Capitalization Review,None,None,None,None
Connect,-LM37tB4K_a-nnIqSPDJ,842,Comparative and Superlative Adjectives: More vs. Most,None,None,None,None
Connect,-LM3d_B_3t8VV9A_jg6D,843,Comparative vs. Superlative Adjectives,None,None,None,None
Connect,-LM3rorg-oBJra8KXGbK,844,Adjectives vs. Adverbs,None,None,None,None
Connect,-LM47LgZDc8BV5Ro4Fdz,845,"Later, First, Instead, Next (Starter)",None,None,None,None
Connect,-LM981iruhHerFr096dJ,846,"Adjectives, Adverbs, and Prepositional Phrases 1",None,None,None,None
Connect,-LNqB486yI4Yqvp0drp1,853,Joining Words and Describing Words 1,None,None,None,None
Connect,-LOs79HLbItPxh7-pRUt,856,Compound Possession with Two Nouns,None,None,None,None
Connect,-LOsVaCzNsfXnSy8NLCJ,857,Compound Possession with One Noun and One Pronoun,None,None,None,None
Connect,-LPSh9ViqRgvcLeQTxUs,859,"As soon as, Until 2 (Starter)",None,None,None,None
Connect,-LP8Iq_LGjAUNTgkAdGR,861,Conjunctive Adverbs Review 1 (Intermediate),None,None,None,None
Connect,-LP84xrUrVcbdB8O96VZ,863,"Furthermore, Similarly, In addition, Moreover (Starter)",None,None,None,None
Connect,-LQit2fNrsLgMnqJ9TLN,866,Appositives at the End 1,None,None,None,None
Connect,-LQ_y4VmyJszLWLQ5yot,867,Appositives at the Beginning 1,None,None,None,None
Connect,-LQpEWGdBmbZ6_oScIBj,868,Compound-Complex Sentences 1 (Starter),None,None,None,None
Connect,-LRSKHI7YboS363xmfm2,870,Conjunctive Adverbs Review 2 (Intermediate),None,None,None,None
Connect,-LQjtmaLSfGenAfjfVxB,872,"Appositives at the Beginning, Middle, and End 1",None,None,None,None
Connect,-LRgeea0r66VYYXMDQdH,873,"Who's, Whose",None,None,None,None
Connect,-LRm3buJTcsab0RcFUgH,875,Reduced Relative Clauses,None,None,None,None
Connect,-LSFgBiRxoxbYyo_Dtau,876,-ing Participial Phrases at the End 1,None,None,None,None
Connect,-LSQmBMASLEX6lBG-dAL,877,-ed Participial Phrases,None,None,None,None
Connect,-LS_TV_LGZcBbvJ0eFzN,878,-ing and -ed Participial Phrases 1 (Starter),None,None,None,None
Connect,-LT8Vcdtg_cFkPt8gdo7,880,"Parallel Structure with Either/Or, Neither/Nor, and Both/And",None,None,None,None
Grammar,-LWHmyc7tN6dyqKwiUFe,885,"Capitalize Names of People and the Pronoun ""I""",None,None,None,None
Grammar,-LWHiefGyVwBnxtVCBE2,886,"Capitalization Review: People, Places, and the Pronoun ""I""",None,None,None,None
Grammar,-LWHkBdQv7ocHrkfzCZq,887,"Capitalization Review: People, Places, and Holidays",None,None,None,None
Grammar,-LaViGRt_t7xBmXHIaiJ,988,Adjectives vs. Adverbs,None,None,None,None
Grammar,-LavSRZ2mUlc5-RzI1gP,989,Adverbs of Frequency,None,None,None,None
Connect,-Lit1Fh52fzzcQfBYkH5,996,However and Therefore at the Beginning of a Sentence,None,None,None,None
Connect,-LjGfkfki4VvQZ54ZGhx,997,Conjunctive Adverbs (Starter),None,None,None,None
Connect,-LoVSPwlZrjH0QCNoCAQ,1049,"Who, That, Which (Starter)",None,None,None,None
Connect,-Lp3tThvkPdGQ5Qm0iwC,1050,Appositive Phrases (Starter),None,None,None,None
Connect,-LrB15GCpuw4QLOFRpOo,1054,Simple Subject-Verb Agreement 3,None,None,None,None
Connect,-LrEgp2YAMz7w8H8Th1X,1055,Simple Subject-Verb Agreement 4,None,None,None,None
Connect,-LsIaNoUKQT3DQFqRpx5,1096,Activity 1: To Be with Singular Pronouns,None,None,None,None
Grammar,-LsIg6Q8sOLH3v3jFilE,1097,Activity 2: To Be with Singular Pronouns,None,None,None,None
Connect,-LsO4DwSlWo-10HhY3_F,1098,Activity 3: To Be with Singular Pronouns,None,None,None,None
Grammar,-LsT11Ql6PMVicofrSwv,1099,Activity 4: To Be with Singular Pronouns,None,None,None,None
Connect,-LsTRP0gFdy-d5lIfifn,1100,Activity 5: Using A and An in To Be Sentences,None,None,None,None
Grammar,-LuYfZ1NrGcjyvmWLzI1,1101,Activity 6: Using A and An in To Be Sentences,None,None,None,None
Connect,-LsTR00-mxGVtd4ARKTH,1102,Activity 8: To Be with Plural Pronouns,None,None,None,None
Grammar,-LsXPuyHm_WInovUKm-R,1103,Activity 9: To Be with Plural Pronouns,None,None,None,None
Connect,-LsXUzyf8l2DSp1ykK4e,1104,Activity 10: Singular vs. Plural Nouns,None,None,None,None
Grammar,-LsXcgv4qkHQT_f5AJsO,1105,Activity 11: Singular vs. Plural Nouns,None,None,None,None
Connect,-Lt5jbwYDjEvVnuAc0RW,1106,Activity 13: To Be with Negation,None,None,None,None
Grammar,-Lt5m4PQzv4_VT2IvV4u,1107,Activity 14: Singular vs. Plural Nouns,None,None,None,None
Grammar,-Lt5nddxIQuWgb3ayJWJ,1108,"Activity 15: Word Order with To Be, Negation, and Articles",None,None,None,None
Connect,-Lt5qSGblXSuxhj0rBYo,1109,Activity 16: To Be with Pronouns,None,None,None,None
Grammar,-Lu97wyu68tDnTFDlvKd,1110,Activity 17: Singular vs. Plural Modified Objects,None,None,None,None
Connect,-Lu9m4PS_-6vKEz8FDnb,1111,Activity 18: Word Order with Adjectives and Nouns,None,None,None,None
Grammar,-Lu9nuipMB_KS3FwQV4U,1112,Activity 19: Word Order with Adjectives and Articles,None,None,None,None
Connect,-LuEOsF2XhqpOFBF4FHa,1113,Activity 20: To Be with Adjectives,None,None,None,None
Connect,-LuETUQs89RfMLxhiCMu,1114,Activity 22: To Be with Adjectives,None,None,None,None
Connect,-LuEUc9mA5SQwmETdQ_N,1115,"Activity 29: Word Order with To Want, Adjectives, and Nouns",None,None,None,None
Connect,-LuEjBXuHVfdv1WKtaeW,1116,Activity 31: To Want with Pronouns,None,None,None,None
Grammar,-LuYWj-C8a0uGvhLDH-m,1117,Activity 30: Singular vs. Plural Nouns with To Want,None,None,None,None
Grammar,-LuYZlNkpF0DeX_qqF0O,1118,Activity 32: To Want with Pronouns,None,None,None,None
Connect,-LuYeX9fN-m9_DKGRjy6,1119,"Activity 33: Word Order with To Have, Adjectives, and Nouns",None,None,None,None
Grammar,-LuYgjxPCkUBjjiR8BLq,1120,Activity 34: Singular vs. Plural Nouns with To Have,None,None,None,None
Connect,-LuYjArO2x6f3dakn2M4,1121,Activity 35: To Have with Pronouns,None,None,None,None
Grammar,-LuYzGy4q504cSLhY75g,1122,Activity 36: To Have with Pronouns,None,None,None,None
Connect,-LuZ-V1tMCsRo56xccmi,1123,Activity 37: Using A and An in To Want Sentences,None,None,None,None
Grammar,-LuZ0jXW-HvCcJdmAH36,1124,Activity 38: Singular vs. Plural Nouns with Negative To Want,None,None,None,None
Connect,-LuZ2gFa20gDD09Kre_-,1125,Activity 39: To Want with Negation,None,None,None,None
Grammar,-LuZ5cqJ7iNRY_2QdOck,1126,Activity 40: To Want with Negation,None,None,None,None
Connect,-LuZ7PvG10DtLrdJDPvw,1127,Activity 41: Using A and An in To Have Sentences,None,None,None,None
Grammar,-LuZBfG1Z9LkmIpXX1Vu,1128,Activity 42: Singular vs. Plural Nouns with Negative To Have,None,None,None,None
Connect,-LuZkr3AmRK3jHHOWgR_,1129,Activity 43: To Have with Negation,None,None,None,None
Grammar,-LuZm5v7TFkCGFgTCSxg,1130,Activity 44: To Have with Negation,None,None,None,None
Connect,-LuZne6q09tolm1mZvvo,1131,Activity 45: To Have with Numbers,None,None,None,None
Grammar,-LuZoWmlAj-k7nGiP1cR,1132,Activity 46: To Want with Numbers,None,None,None,None
Connect,-LuZqTIbKXRGK60SJ7zS,1133,Activity 47: Word Order with Numbers and Nouns,None,None,None,None
Connect,-LuZsFfWkRzwjDIq6WXI,1134,Activity 48: Coordinate Adjectives with To Be,None,None,None,None
Connect,-LuZu3a1OcHsZwlagiBp,1135,Activity 49: Compound Objects with To Be,None,None,None,None
Connect,-Lv1shFvLJfWQMfx7Pi-,1136,Activity 24: To Be with Nouns as Subjects,None,None,None,None
Connect,-Lv1u1yIS4P5xYeLGGGu,1137,Activity 7: To Be with Singular Nouns,None,None,None,None
Grammar,-Lv2p_C07SJLoaMzUEla,1138,Activity 28: Articles with Subjects,None,None,None,None
Connect,-Lv2wj-YryL4TayVbe7Q,1139,Activity 55: Singular vs. Plural Objects in Questions,None,None,None,None
Connect,-Lv2zLlKJFjeBI30SKW5,1140,Activity 58: To Be in Yes/No Questions,None,None,None,None
Grammar,-Lv330j4II8KfXXSUUec,1141,Activity 59: To Be in Yes/No Questions,None,None,None,None
Grammar,-Lv36NvAz9Emt_7chIkP,1142,Activity 57: To Be in Yes/No Questions,None,None,None,None
Connect,-Lv37eSrw3QrBHV7xEjR,1143,Activity 60: Word Order in Questions,None,None,None,None
Grammar,-LyV6TBeZMZ_LI--84X7,1144,Activity 12: To Be with Singular and Plural Nouns,None,None,None,None
Grammar,-LyV8AlbzNy0iMcp2THL,1145,Activity 25: To Be with Plural Nouns,None,None,None,None
Grammar,-Ly_ZOZq9z0vza65NTln,1146,Activity 62: To Want in Yes/No Questions,None,None,None,None
Grammar,-Ly_fbt8C91Qxx7_-Cli,1147,Activity 64: To Have in Yes/No Questions,None,None,None,None
Connect,-Ly_VWfkVFcYCV7i8rqx,1148,Activity 61: To Want in Yes/No Questions,None,None,None,None
Connect,-Ly_e7fHShT85TFgyM41,1149,Activity 63: To Have in Yes/No Questions,None,None,None,None
Connect,-Lya402C0JqeEtGjvWR8,1150,Activity 65: Yes/No Questions with Nouns as Subjects,None,None,None,None
Connect,-Lv2n_omDvTJjuuTmXp6,1151,Activity 27: Using The Before the Subject,None,None,None,None
Connect,-LuEU3kku-L-ntxujrPC,1152,"Activity 23: Word Order with Adjectives, Articles, and Nouns",None,None,None,None
Grammar,-LuYVU0Atduong8PZryz,1153,Activity 21: Articles with Adjectives,None,None,None,None
Grammar,-Lv2lhvP7KwrlRcJLJi3,1154,Activity 26: Articles with Adjectives,None,None,None,None
Grammar,-Lv2xuPmlyeYeOsIYzT5,1155,Activity 56: Articles with Objects in Questions,None,None,None,None
Connect,-LuZv4QWPjVEwzykwKs5,1156,Activity 50: Compound Objects with To Want,None,None,None,None
Connect,-LuZw4uebj3V-TzIGmUA,1157,Activity 51: Compound Objects with To Have,None,None,None,None
Connect,-Lv2rJsczDdRgG0zIoGY,1158,Activity 52: Listing Adjectives in To Be Sentences,None,None,None,None
Connect,-Lv2tZFJ2Iwk9f7Hm2lB,1159,Activity 53: Listing Objects in To Want Sentences,None,None,None,None
Connect,-Lv2v7iQSIsnKSFa5Y5A,1160,Activity 54: Listing Objects in To Have Sentences,None,None,None,None
Connect,-Lu9tvurXsTLVT6XLbly,1194,"After, Before 2 (Starter)",None,None,None,None
Connect,-M2nbLrB_loQJSYLwtby,1228,-ing Participial Phrases at the End 2,None,None,None,None
Connect,5f1cc70c-6c0e-4689-8d98-b774952ca787,1288,Follow-up Activity for Lesson 1: Using Singular Possessive Nouns,None,None,None,None
Connect,270d08a7-b147-491f-ba73-b1ed57e4f0b8,1291,Follow-up Activity for Lesson 1: Using Plural Possessive Nouns,None,None,None,None
Connect,48c9f7ff-5383-4487-a45d-41cabec1e55e,1317,Replacing Nouns with Pronouns,None,None,None,None
Connect,48c9f7ff-5383-4487-a45d-41cabec1e55e,1317,Replacing Nouns with Pronouns,None,None,None,None
Grammar,-LXu70cZ03b8aaa5krGI,1320,Expanding Sentences With Adjectives 2,None,None,None,None
Grammar,-KCN2x8Rp2KQTJRAgw5f,1325,Complex Sentences,None,None,None,None
Grammar,J0M763eGYcY3awHyNDhbrA,1327,Correcting Messy Sentences,None,None,None,None
Grammar,a146fa66-c172-45c2-b5be-18b630429793,1340,"At, In, On (Place) 2",None,None,None,None
Grammar,80ff23c8-81d8-494f-922e-607bfb114082,1342,Capitalize Geographic Names 2,None,None,None,None
Grammar,72c938f8-ac9f-45dc-9eeb-8cab93f85dc7,1368,"At, In, On (Time) 2",None,None,None,None
Grammar,72c938f8-ac9f-45dc-9eeb-8cab93f85dc7,1368,"At, In, On (Time) 2",None,None,None,None
Grammar,6fb0e6f6-8dc4-43f0-83bd-a1a204ffe954,1377,Regular Plural Nouns 2,None,None,None,None
Grammar,8d717fa8-4de8-4bea-9533-bce8d31a338e,1378,"Of, For, With, From 2",None,None,None,None
Grammar,811a485c-e2fa-4eaf-bb35-bc59575657ec,1381,Possessive Pronouns 2,None,None,None,None
Grammar,34a7b5ed-4e72-45b9-9903-223a6b0cc512,1382,Comparative and Superlative Adjectives 2,None,None,None,None
Grammar,4cb1ab15-6d3a-4cd2-a7e5-525c25647f48,1386,Plural versus Possessive Nouns 2,None,None,None,None
Connect,fe34c4d0-d4de-4d4d-b048-95cf3d2af793,1390,Comparative vs. Superlative Adjectives 2,None,None,None,None
Grammar,ec2d5bb9-961c-4c43-b9a4-3c560d2824e1,1392,Capitalize Holidays and Dates 2,None,None,None,None
Connect,eb46a0b2-8037-447b-95be-b0c089ab5fe3,1403,Capitalizing Titles of People 2,None,None,None,None
Grammar,62f2451e-ea4d-4639-8754-63d04cdaeac0,1405,Capitalize Names of People 2,None,None,None,None
Grammar,f380effc-0319-420d-a79d-94cc61473c0e,1406,"Better & Best, Worse & Worst 2",None,None,None,None
Connect,e9182d19-08e3-4035-9ff5-06695b1dba72,1407,Cumulative Adjectives 1 (Intermediate),None,None,None,None
Connect,3113f574-86a1-42ff-8a06-c5e31249eb28,1409,Cumulative vs. Coordinate Adjectives 1,None,None,None,None
Connect,62d60502-5a5e-4cc6-a3e7-8846af043228,1411,Cumulative Adjectives 2 (Intermediate),None,None,None,None
Connect,43ef1cb1-bc80-4ec7-bb51-7b4d0850dd14,1412,Cumulative vs. Coordinate Adjectives 2,None,None,None,None
Connect,d34b2f64-6883-4258-948c-96a882564959,1420,Compound Possession with Two Nouns 2,None,None,None,None
Connect,efcdab19-7ac6-43f4-9da9-d9fcc210113d,1422,Compound Possession With One Noun and One Pronoun 2,None,None,None,None
Connect,bf6b07e4-7cc5-4017-8f62-04c522af57ad,1425,Past Perfect vs. Simple Past,None,None,None,None
Connect,ac9a38b6-c487-453d-ad3f-c760ce9b50bb,1426,Past Progressive Perfect vs. Simple Past,None,None,None,None
Connect,1f9ec6bb-987b-4e1a-b500-11e4eafabf0e,1427,"You're, Your 2",None,None,None,None
Connect,24bd84ad-7566-420a-8cdb-880c184e47e8,1428,"Their, They're, There 2",None,None,None,None
Connect,ace4c2b8-2356-4f27-abea-c3f27a9a2bad,1429,"To, Too, Two 2",None,None,None,None
Connect,7404bb37-d6c9-4767-9a43-8aac91485c3d,1430,Plural and Singular Possessive Nouns 2,None,None,None,None
Proofreader,-KqU.S.2G2QYq3KWYPHazn,518,Santa Maria del Fiore,The Santa Maria del Fiore Cathedral,The Renaissance,World History,History
Connect,-L9MXKPhGbj8xZfd5G--,757,Semicolons with However and Therefore,Greenhouse Gases & Carbon Footprint,Environmental Protection,The Earth & Nature,Science
Proofreader,-KOQL45rtBj-nQ5MTVN5,408,Serena Williams,Serena Williams,Tennis,Sports,Culture
Proofreader,-K0rnIIF_iejGqS3XPJ8,244,Shackleton Returns from the Antarctic,Antarctic Exploration,None,World History,History
Connect,-KqigC-G1kUp_pEeQJjl,619,Shihuangdi Unifies China,Shihuangdi Unifies China,Chinese Dynasties,World Historical Figures,History
Proofreader,-Kr24ZZ6uu51bYXhADhG,549,Shihuangdi's Search for Immortality,First Emperor of China,Chinese Dynasties,World History,History
Proofreader,-KKOkmvUq04DkXahVWgc,363,Shred and Skate,Surfing & Skateboarding,Skateboarding,Sports,Culture
Connect,-KQX-rHNK3Be8LWiPVui,418,"Since, Because 1 (Starter)",Squid,Ocean Animals,Animals,Science
Connect,-LFSj29ElpfZfaihJdH9,781,"Since, Because 2 (Starter)",Nelson Mandela,Civil Rights,World Historical Figures,History
Connect,-LiJxXMp9Jur7c_GciG9,995,"Since, Because 3",Chesley “Sully” Sullenberger,Aviation,U.S. History,History
Connect,-LsIb-e1GJpCauB_6Xyj,1057,Single Adjectives 3,Pirates,Narratives,Stories & Myths,Culture
Proofreader,-KOQLauODSZ9FXjEe1Fk,409,Sister Structures,"New York, Paris, & Rome",None,"Countries, Cultures, & Holidays",Culture
Proofreader,VolwH12xgS732exLTniUDQ,69,Snow Day,Snow Day,Narratives,Stories & Myths,Culture
Proofreader,-KqUMM-Akp6DDQlVlAbq,516,Spices,The Spice Trade,The Age of Exploration,World History,History
Proofreader,-L8ZGcyIM49GOsX_uOPN,747,Sputnik 1,Sputnik 1,Space Exploration,World History,History
Proofreader,-L6JG-2GOXst7gMZJkDS,725,Squirrels,Squirrels,Mammals,Animals,Science
Proofreader,-Kr1Z1W2yRJmCQZw-hn8,543,Stars and Galaxies,Stars & Galaxies,Astronomy,Outer Space,Science
Connect,-M1XMWFwWEUtjyxym54l,1226,Subject-Verb Agreement 1 (Advanced),Types of Carnivorous Plants,Plants,The Earth & Nature,Science
Connect,-M2ct7iLn5RHm8jfKoIC,1225,Subject-Verb Agreement 1 (Intermediate),Leap Years,Holidays,"Countries, Cultures, & Holidays",Culture
Connect,-M3DaO25LOJJvSNh3S_G,1233,Subject-Verb Agreement with Either/Or and Neither/Nor 2 (Intermediate),Endangered Species & Habitat Destruction,Environmental Protection,The Earth & Nature,Science
Connect,-M3DLyHSF0iE66wRyPDp,1232,Subject-Verb Agreement with Either/Or and Neither/Nor 2 (Starter),The Solar System,Astronomy,Outer Space,Science
Connect,-LVyd20sxExyCSbcycZE,896,Subject-Verb Agreement: Either/Neither vs. And,U.S. States,None,"Countries, Cultures, & Holidays",Culture
Connect,-M12L8M1chAsb_uOSQ4v,1215,Subject-Verb Agreement: Subject After the Verb 1 (Intermediate),Volcanoes,Natural Disasters,The Earth & Nature,Science
Connect,-M12OUZa1xUaAD-gwlm4,1216,Subject-Verb Agreement: Subject After the Verb 2 (Intermediate),Making Sourdough Bread,Food,Hobbies,Culture
Connect,-Lcg3ihPzuAscaAe61eW,991,Subordinating Conjunctions 1 (Intermediate),The History of Hip Hop Music,Music History,Music,Culture
Connect,-KQX1jKAlI9bWSg-Iink,422,Subordinating Conjunctions 2 (Intermediate),Playing Football,Football,Sports,Culture
Connect,-L2Mydvpa-65M2Q1QHW0,652,Subordinating Conjunctions 3 (Intermediate),Runners in a Race,Running,Sports,Culture
Connect,-LoLe9bCY8NTfg_INry9,1052,Subordinating Conjunctions 4 (Intermediate),Weather Forecasters,Weather,The Earth & Nature,Science
Connect,-LpToqwUMSj5WequLLwl,1359,Subordinating Conjunctions 5 (Intermediate),Stephen Hawking,Scientists ,World Historical Figures,History
Connect,21eac116-a51a-4ea0-8ce6-ff7aa576fe04,1281,Tamara's Opus,Poem by Joshua Bennett,Literary Analysis,Literature,Culture
Connect,-KqiiQTci2gs9zhx2tIA,616,Tang Dynasty Inventions,Tang Dynasty Inventions,Chinese Dynasties,World History,History
Proofreader,-KqZ1GcvRyn-0x5ph2KS,531,Tenochtitlán,Tenochtitlán,"Maya, Aztec, & Inca Civilizations",World History,History
Connect,-KqcY9ZUJ7gdReZw7C93,629,Tenochtitlán Origin Myth,Tenochtitlán Origin Myth,"Maya, Aztec, & Inca Civilizations",Stories & Myths,Culture
Proofreader,-KOGsXCKFc1fxQxZ1g27,401,Thai Cuisine,Thai Cuisine,Food,"Countries, Cultures, & Holidays",Culture
Proofreader,-KWZt4RsLrS1xZ-Jr-u1,455,Thanksgiving,American Thanksgiving,Holidays,"Countries, Cultures, & Holidays",Culture
Connect,-KuaH_hMg-iFfpkMZ2zN,595,That 2 (Starter),Various Animals,None,Animals,Science
Proofreader,Yh49ICvX_YME8ui7cDoFXQ,37,The Apollo 8 Photograph,The Apollo 8 Photograph,Space Exploration,U.S. History,History
Proofreader,-KKz9ClfUFF6ZwZhg-Tk,376,The Beach Boys,The Beach Boys,Musicians,Music,Culture
Proofreader,-KMyet9hk_nY8krZ8cXe,388,The Beatles,The Beatles,Musicians,Music,Culture
Connect,-Kbk-mjzTNeqWbvVG9zI,476,The Boston Massacre,The Boston Massacre,The American Revolution,U.S. History,History
Connect,-Kbvv3WS6vGNkeW7d6dt,478,The Boston Tea Party,The Boston Tea Party,The American Revolution,U.S. History,History
Proofreader,-KoJB86Hm3C2_OOo9zA6,504,The Cape of Good Hope,The Cape of Good Hope,The Age of Exploration,World History,History
Proofreader,5d2ZUb4ySqJQm95VafxqgA,21,The Crocodile and The Monkey,The Crocodile & the Monkey,Moral Stories,Stories & Myths,Culture
Connect,-KqZaKPdDL_-tnCUDIlX,587,The Dawes Act,The Dawes Act,Native Americans,U.S. History,History
Proofreader,HAEcgVEQTBKkBQ8Q3ekGvg,11,The Day the Island Breathed,A Volcano,Narratives,Stories & Myths,Culture
Proofreader,-KJbIOqHCA6a30KQIu1A,315,The Earth is Getting Warmer,Global Warming,Environmental Protection,The Earth & Nature,Science
Proofreader,-KMyZzknC-F8Q6a2EuHG,379,The Eiffel Tower,The Eiffel Tower,Architecture,"Countries, Cultures, & Holidays",Culture
Proofreader,-K2wJf8C-Dxc9hnufB_Z,255,The Emperor’s New Clothes,The Emperor's New Clothes,Moral Stories,Stories & Myths,Culture
Proofreader,-KOGiNQyK0-jL-2uWT2V,399,The First Broadway Musical,First Broadway Musical,Music History,Music,Culture
Proofreader,DbMniOje75Xze-ymW9RvHw,101,The First Space Walk,The First Space Walk,Space Exploration,World History,History
Proofreader,-Km7CRZu-mlTDHzqA3LX,490,The First Women's Basketball Game,First Women's Basketball Game,Basketball,Sports,Culture
Proofreader,-K2wLiqledOH4jIhiNCn,256,The Fox and The Crow,A Fox & a Crow,Moral Stories,Stories & Myths,Culture
Proofreader,-KMzAvBQql6ma6zQBrLC,392,The Fula People,The Fula People,African Culture,"Countries, Cultures, & Holidays",Culture
Connect,84235cb1-bd7a-4404-a2ac-a47dcf7f23cd,1274,The Girl Who Fell from the Sky,Novel by Heidi W. Durrow,Literary Analysis,Literature,Culture
Proofreader,-KOor02MiQqz0r0X9Tc-,411,The Golden Gate Bridge,The Golden Gate Bridge,Architecture,"Countries, Cultures, & Holidays",Culture
Proofreader,-L5opg-2RvI49eLjbZO5,710,The Grand Canyon,The Grand Canyon,National Parks,The Earth & Nature,Science
Proofreader,-K3MeAWWMtMrUmM6xbn9,261,The Great Chicago Fire,The Great Chicago Fire,The Industrial Revolution,U.S. History,History
Connect,2c4518d6-2417-479c-8c6a-782e7692ed41,1273,The Hamilton Mixtape,Song by Lin-Manuel Miranda,Literary Analysis,Literature,Culture
Proofreader,-KWcm9LmcFo4dX2eJryQ,464,The History of Football,The History of Football,Football,Sports,Culture
Proofreader,-KKPv27S-jdSytCO_yw7,365,The History of Music Festivals,The History of Music Festivals,Music History,Music,Culture
Proofreader,-KOorvFhoc9aJG_ei_0H,412,The Iditarod,Sled Dog Race,Winter Sports,U.S. History,History
Connect,-KqZWcwJndWJBU-U3ehj,585,The Importance of the Buffalo,Buffalo,Native Americans,Animals,Science
Connect,-LNWbao49ibgSa-IdgX5,901,The Industrial Revolution,None,The Industrial Revolution,World History,History
Connect,-KqZdYHq5N9O1OYfzZbl,584,The Iroquois Confederacy,The Iroquois Confederacy,Native Americans,U.S. History,History
Proofreader,V-GFTkqADl9YMFWdmbmA5g,39,The Last Flight of the Apollo,The Last Flight of the Apollo,Space Exploration,U.S. History,History
Proofreader,M2tUjna-VGGnAHJ8YZbiXg,95,The Leader of the Birds,The Man & the Birds,Moral Stories,Stories & Myths,Culture
Proofreader,-KMy_Zjn0oRvKvR98-cX,380,The Little Prince,Novella by Antoine de Saint-Exupéry,Literary Analysis,Literature,Culture
Connect,-KqZvArG8422vhwB7rIo,641,The Medici Family,The Medici Family,The Renaissance,World Historical Figures,History
Connect,206458ad-5bcb-4712-852e-849664d26f76,1414,The Milky Way,The Milky Way Galaxy,Astronomy,Outer Space,Science
Connect,-Kqisu7eUfGfGvjRvT2W,618,The Mongol Invasion of China,The Mongol Invasion of China,Chinese Dynasties,World History,History
Proofreader,-KMfFIQW07y5jCuEGGuS,377,The Museum of Modern Art (MOMA),The Museum of Modern Art,Art,"Countries, Cultures, & Holidays",Culture
Connect,ffb1d005-ff57-4a02-ba25-c744ef795b4c,1271,The Night Circus,Novel by Erin Morgenstern,Literary Analysis,Literature,Culture
Connect,-KqdGWI1rgvtQBg2vIb0,643,The Northern Renaissance,The Northern Renaissance,The Renaissance,World History,History
Proofreader,-KWZx2La6cYEEPYBYoiA,460,The Pilgrims,The Pilgrims,None,U.S. History,History
Connect,-KqYkktoWRhHby2187G8,621,The Rock Cycle,The Rock Cycle,Geology,The Earth & Nature,Science
Connect,-KqcTJxEiuq07PJzbDIc,630,The Royal Road,The Inca,"Maya, Aztec, & Inca Civilizations",World History,History
Proofreader,-KzQBlkOwB7fTXIeAPpX,609,The Sacredness of Mountains,Sacred Mountains,None,The Earth & Nature,Science
Proofreader,-KqYHrOHtQSIQ4B2T-wa,523,The Sapa Inca,The Inca,"Maya, Aztec, & Inca Civilizations",World History,History
Proofreader,-KqUXZEm8IdwvR2frMfO,520,The School of Athens,The School of Athens,The Renaissance,World History,History
Proofreader,-Kr23P_QLluLsDOeT7MB,547,The Silk Road,The Silk Road,Chinese Dynasties,World History,History
Proofreader,-Kc-iJqt0TsWgfwYkT6m,481,The Sons of Liberty,The Sons of Liberty,The American Revolution,U.S. History,History
Connect,-KbvuSGyq6ANjB6cSzpQ,477,The Stamp Act,The Stamp Act,The American Revolution,U.S. History,History
Proofreader,-Kr24U37f0GLowhXvHKx,548,The Statue of Liberty,The Statue of Liberty,None,U.S. History,History
Proofreader,-KMyfk4DmCbyok4QePd4,389,The Supremes,The Supremes,Musicians,Music,Culture
Proofreader,-KJv0_m8Kx2eR0FaoXlt,345,The Symphony Orchestra,Symphony Orchestras,Instruments,Music,Culture
Proofreader,-KqYGdzi6pck3Cpt1vxn,522,The Tambora Eruption,Tambora Volcanic Eruption,Natural Disasters,The Earth & Nature,Science
Connect,-KqZ_8tESejeyBmj-_pO,608,The Travels of Marco Polo,Marco Polo,The Age of Exploration,World Historical Figures,History
Proofreader,-KAexv2jOiMPXrPO9T0j,269,The Triathlon,Triathlons,Competitions,Sports,Culture
Proofreader,-KKPvFIPm0nGFe-gzgyk,366,The Turk,Chess,None,Hobbies,Culture
Proofreader,-Km7CRVk0zg_JWOCpBHP,489,The U.S. Open,The U.S. Open,Tennis,Sports,Culture
Proofreader,-KEqdelwqbUwJ2xxms66,309,The United States Service Academies,U.S. Service Academies,None,"Countries, Cultures, & Holidays",Culture
Connect,-KqY7BQmhDn71y-E-s3C,728,The War Begins at Lexington and Concord,The Battles of Lexington & Concord,The American Revolution,U.S. History,History
Connect,-KqYK5A0fNos0ZbUjjOu,731,The War Ends at Yorktown,The Battle at Yorktown,The American Revolution,U.S. History,History
Connect,-M1WgLi9ZmrvpyXNoshp,1285,"The Work You Do, the Person You Are",Personal Essay by Toni Morrison,Literary Analysis,Literature,Culture
Connect,-L96-GrjSsMevkSVuGfO,759,Therefore at the Beginning of a Sentence,Compost,Environmental Protection,The Earth & Nature,Science
Proofreader,pf1cCiBT7k2d0AYlrzjL5Q,43,Theseus and the Minotaur,Myth of King Minos & Theseus,Greek Mythology,Stories & Myths,Culture
Proofreader,0W5Rgpe6m0xArqPUXAPZyw,55,Thinking About Thinking,Locke & Descartes,Philosophy,Human Biology & Psychology,Science
Connect,-KQX-YEGiFW71KKpep2X,417,Time Conjunctions 1 (Starter),Volcanoes,Natural Disasters,The Earth & Nature,Science
Connect,-Lqlr7WaqDgFlMvC0vIv,1056,Time Conjunctions 2 (Starter),Forest Fires,Natural Disasters,The Earth & Nature,Science
Proofreader,-KoJCM7vJTVowwUG_NpH,505,Totem Poles,Native Americans & Totem Poles,Native Americans,U.S. History,History
Proofreader,Xhug-lO3toYhT0fbsibF3w,5,Training for the Gold,Michael Phelps,Swimming,Sports,Culture
Connect,-LVitnSZOc9324dQxY6M,884,Tropical Rainforests,Tropical Rainforests,Environmental Protection,The Earth & Nature,Science
Connect,-KqZ81soreOpfSWL4Ymx,620,Tsunamis,Tsunamis,Natural Disasters,The Earth & Nature,Science
Connect,-KqYNoENpFXSttDu-xPf,729,Turning Point: Bunker Hill,The Battle of Bunker Hill,The American Revolution,U.S. History,History
Connect,-KqYPpC3o3JeeuhQadBF,730,Turning Point: Saratoga,The Battle of Saratoga,The American Revolution,U.S. History,History
Proofreader,-Km87sC3d6sTIvPB0NtK,491,Tyrannosaurus Rex,Tyrannosaurus Rex,Dinosaurs,Animals,Science
Connect,-KqZQ1fZyO-Lz5UwooN2,632,Vascular and Non-vascular Plants,Vascular & Non-Vascular Plants,Plants,The Earth & Nature,Science
Proofreader,-KA6rpe2UdZ-XeX75_KW,265,Veterans Day,The History of Veterans Day,Holidays,"Countries, Cultures, & Holidays",Culture
Proofreader,-KOGtetU6zsDXGAX7dqm,402,Video Games,Video Games,None,Hobbies,Culture
Proofreader,-KqYRDChl1VQ_QB7rEUL,528,Vision Quests,Native American Vision Quests,Native Americans,U.S. History,History
Connect,-KbMQKS940Mny6fbPyw2,474,Weather and Climate (Advanced),Weather & Climate,Weather,The Earth & Nature,Science
Connect,-KbMQov8KitVN8g58wT0,475,Weather and Climate (Intermediate),Weather & Climate,Weather,The Earth & Nature,Science
Connect,-KbMLula2bOTYSO0vhry,473,Weather and Climate (Starter),Weather & Climate,Weather,The Earth & Nature,Science
Connect,-M03WbwMR1ZaXMAFLXro,1231,What Happened During the Ice Storm,Short Story by Jim Heynen,Literary Analysis,Literature,Culture
Proofreader,-KqYSjSU.S.SUnLNETJEzg,529,What's in a Bean?,Beans,Plants,The Earth & Nature,Science
Connect,-KvD8mS3HL0Wt-fx6MrX,596,Which 2 (Starter),Great Inventors,Inventions,World History,History
Connect,-LEGfC3Q9GNYHZCSfjJz,778,"While, Even though (Starter)",Shakespeare,Literary Figures,Literature,Culture
Connect,-KuaCaWRfxys4VaplqXv,594,Who 2 (Starter),Various Artists,Art,World History,History
Proofreader,-KqYDjR0nWR2gNhyOwWY,521,Who was Cervantes?,Miguel de Cervantes,The Renaissance,World Historical Figures,History
Connect,-KuaQJph0gug9IHbKgJb,597,"Who, That, Which 1 (Intermediate)",Outer Space Facts,Astronomy,Outer Space,Science
Connect,-KuaRjfM3zQKDlAEQ8dl,598,"Who, That, Which 2 (Intermediate)",Pharaohs & King Tut,Ancient Egypt,World History,History
Connect,-M0-HTouP70bkM0nHyBb,1218,"Who, That, Which 2 (Starter)",Dyngus Day,Holidays,"Countries, Cultures, & Holidays",Culture
Proofreader,-PcSHU2UV2fmMPtknriRqg,215,Why Sun and Moon Live in the Sky,The Sun & the Moon,Creation Myths,Stories & Myths,Culture
Proofreader,-Kr1Tc2R9sunf8yHM5xh,541,Women in the American Revolution,Women's Roles,The American Revolution,U.S. History,History
Connect,-LVyb_CLm3-8i7Z4DeTH,889,Women's Basketball,The History of Women's Basketball,Basketball,Sports,Culture
Proofreader,-Kr231BncqIpDDiB8Liy,546,Yellowstone National Park,Yellowstone National Park,National Parks,The Earth & Nature,Science
Proofreader,eYlGCR7G641dA5GU.S.agObg,93,Zeus and the Frog King,Myth about Zeus & Frogs,Greek Mythology,Stories & Myths,Culture
Proofreader,-Kr26YEA35YGuXWE0jzb,550,Zheng He and the Pirate,Zheng He,Chinese Dynasties,World History,History